{
    "potion": {
        "id": "potion",
        "name": "Potion",
        "slot": "medicine",
        "use": {
            "healHP": 20
        }
    },
    "superpotion": {
        "id": "superpotion",
        "name": "Super Potion",
        "slot": "medicine",
        "use": {
            "healHP": 50
        }
    },
    "hyperpotion": {
        "id": "hyperpotion",
        "name": "Hyper Potion",
        "slot": "medicine",
        "use": {
            "healHP": 120
        }
    },
    "maxpotion": {
        "id": "maxpotion",
        "name": "Max Potion",
        "slot": "medicine",
        "use": {
            "healHP": true
        }
    },
    "fullrestore": {
        "id": "fullrestore",
        "name": "Full Restore",
        "slot": "medicine",
        "use": {
            "healHP": true,
            "healStatus": true
        }
    },
    "berryjuice": {
        "id": "berryjuice",
        "name": "Berry Juice",
        "slot":"medicine",
        "use": {
            "healHP": 20
        }
    },
    "sweetheart": {
        "id": "sweetheart",
        "name": "Sweet Heart",
        "slot":"medicine",
        "use": {
            "healHP": 20
        }
    },
    "freshwater": {
        "id": "freshwater",
        "name": "Fresh Water",
        "slot": "medicine",
        "use": {
            "healHP": 50
        }
    },
    "sodapop": {
        "id": "sodapop",
        "name": "Soda Pop",
        "slot": "medicine",
        "use": {
            "healHP": 60
        }
    },
    "lemonade": {
        "id": "lemonade",
        "name": "Lemonade",
        "slot": "medicine",
        "use": {
            "healHP": 80
        }
    },
    "moomoomilk": {
        "id": "moomoomilk",
        "name": "Moomoo Milk",
        "slot": "medicine",
        "use": {
            "healHP": 100
        }
    },
    "antidote": {
        "id": "antidote",
        "name": "Antidote",
        "slot": "medicine",
        "use": {
            "healStatus": "psn|tox"
        }
    },
    "awakening": {
        "id": "awakening",
        "name": "Awakening",
        "slot": "medicine",
        "use": {
            "healStatus": "slp"
        }
    },
    "burnheal": {
        "id": "burnheal",
        "name": "Burn Heal",
        "slot": "medicine",
        "use": {
            "healStatus": "brn"
        }
    },
    "iceheal": {
        "id": "iceheal",
        "name": "Ice Heal",
        "slot": "medicine",
        "use": {
            "healStatus": "frz"
        }
    },
    "parlyzheal": {
        "id": "parlyzheal",
        "name": "Parlyz Heal",
        "slot": "medicine",
        "use": {
            "healStatus": "par"
        }
    },
    "fullheal": {
        "id": "fullheal",
        "name": "Full Heal",
        "slot": "medicine",
        "use": {
            "healStatus": true
        }
    },
    "casteliacone": {
        "id": "casteliacone",
        "name": "Casteliacone",
        "slot": "medicine",
        "use": {
            "healStatus": true
        }
    },
    "lavacookie": {
        "id": "lavacookie",
        "name": "Lava Cookie",
        "slot": "medicine",
        "use": {
            "healStatus": true
        }
    },
    "oldgateau": {
        "id": "oldgateau",
        "name": "Old Gateau",
        "slot": "medicine",
        "use": {
            "healStatus": true
        }
    },
    "shaloursable": {
        "id": "shaloursable",
        "name": "Shalour Sable",
        "slot": "medicine",
        "use": {
            "healStatus": true
        }
    },
    "bigmalasada": {
        "id": "bigmalasada",
        "name": "Big Malasada",
        "slot": "medicine",
        "use": {
            "healstatus": true
        }
    },
    "revive": {
        "id": "revive",
        "name": "Revive",
        "slot": "medicine",
        "use": {
            "revive": 50
        }
    },
    "maxrevive": {
        "id": "maxrevive",
        "name": "Max Revive",
        "slot": "medicine",
        "use": {
            "revive": 100
        }
    },
    "healpowder": {
        "id": "healpowder",
        "name": "Heal Powder",
        "slot": "medicine",
        "use": {
            "healStatus": true,
            "happiness": -5
        }
    },
    "energypowder": {
        "id": "energypowder",
        "name": "Energy Powder",
        "slot": "medicine",
        "use": {
            "healHP": 50,
            "happiness": -5
        }
    },
    "energyroot": {
        "id": "energyroot",
        "name": "Energy Root",
        "slot": "medicine",
        "use": {
            "healHP": 200,
            "happiness": -10
        }
    },
    "revivalherb": {
        "id": "revivalherb",
        "name": "Revival Herb",
        "slot": "true",
        "use": {
            "revive": 100,
            "happiness": -15
        }
    },
    "calcium": {
        "id": "calcium",
        "name": "Calcium",
        "slot": "medicine",
        "use": {
            "boostEv": "spa",
            "boostEvAmount": 10,
            "noBattle": true
        }
    },
    "carbos": {
        "id": "carbos",
        "name": "Carbos",
        "slot": "medicine",
        "use": {
            "boostEv": "spe",
            "boostEvAmount": 10,
            "noBattle": true
        }
    },
    "hpup": {
        "id": "hpup",
        "name": "HP Up",
        "slot": "medicine",
        "use": {
            "boosEv": "hp",
            "boostEvAmount": 10,
            "noBattle": true
        }
    },
    "iron": {
        "id": "iron",
        "name": "Iron",
        "slot": "medicine",
        "use": {
            "boostEv": "def",
            "boostEvAmount": 10,
            "noBattle": true
        }
    },
    "protein": {
        "id": "protein",
        "name": "Protein",
        "slot": "medicine",
        "use": {
            "boostEv": "atk",
            "boostEvAmount": 10,
            "noBattle": true
        }
    },
    "zinc": {
        "id": "zinc",
        "name": "zinc",
        "slot": "medicine",
        "use": {
            "boostEv": "spd",
            "boostEvAmount": 10,
            "noBattle": true
        }
    },
    "oranberry": {
        "id": "oranberry",
        "name": "Oran Berry",
        "slot": "berries",
        "use": {
            "healHP": 10
        }
    },
    "sitrusberry": {
        "id": "sitrusberry",
        "slot": "berries",
        "name": "Sitrus Berry",
        "use": {
            "healHP": "50%"
        }
    },
     "pechaberry": {
        "id": "pechaberry",
        "slot": "berries",
        "name": "Pecha Berry",
        "use": {
            "healStatus": "psn|tox"
        }
    },
    "cheriberry": {
        "id": "cheriberry",
        "name": "Cheri Berry",
        "slot": "berries",
        "use": {
            "healStatus": "par"
        }
    },
    "rawstberry": {
        "id": "rawstberry",
        "name": "Rawst Berry",
        "slot": "berries",
        "use": {
            "healStatus": "brn"
        }
    },
    "persimberry": {
        "id": "persimberry",
        "name": "Persim Berry",
        "slot": "berries",
        "use": {
            "healStatus": "confusion"
        }
    },
    "chestoberry": {
        "id": "chestoberry",
        "name": "Chesto Berry",
        "slot": "berries",
        "use": {
            "healStatus": "slp"
        }
    },
    "aspearberry": {
        "id": "aspearberry",
        "name": "Aspear Berry",
        "slot": "berries",
        "use": {
            "healStatus": "frz"
        }
    },
    "lumberry": {
        "id": "lumberry",
        "name": "Lum Berry",
        "slot": "berries",
        "use": {
            "healStatus": "true"
        }
    },
    "leppaberry": {
        "id": "leppaberry",
        "name": "Leppa Berry",
        "slot": "berries",
        "use": {
            "healPP": 10
        }
    },
    "aguavberry": {
        "id": "aguavberry",
        "name": "Aguav Berry",
        "slot": "berries"
    },
    "apicotberry": {
        "id": "apicotberry",
        "name": "Apicot Berry",
        "slot": "berries"
    },
    "babiriberry": {
        "id": "babiriberry",
        "name": "Babiri Berry",
        "slot": "berries"
    },
    "belueberry": {
        "id": "belueberry",
        "name": "Belue Berry",
        "slot": "berries"
    },
    "blukberry": {
        "id": "blukberry",
        "name": "Bluk Berry",
        "slot": "berries"
    },
    "chartiberry": {
        "id": "chartiberry",
        "name": "Charti Berry",
        "slot": "berries"
    },
    "chilanberry": {
        "id": "chilanberry",
        "name": "Chilan Berry",
        "slot": "berries"
    },
    "chopleberry": {
        "id": "chopleberry",
        "name": "Chople Berry",
        "slot": "berries"
    },
    "cobaberry": {
        "id": "cobaberry",
        "name": "Coba Berry",
        "slot": "berries"
    },
    "colburberry": {
        "id": "colburberry",
        "name": "Colbur Berry",
        "slot": "berries"
    },
    "cornnberry": {
        "id": "cornnberry",
        "name": "Cornn Berry",
        "slot": "berries"
    },
    "custapberry": {
        "id": "custapberry",
        "name": "Custap Berry",
        "slot": "berries"
    },
    "durinberry": {
        "id": "durinberry",
        "name": "Durin Berry",
        "slot": "berries"
    },
    "enigmaberry": {
        "id": "enigmaberry",
        "name": "Enigma Berry",
        "slot": "berries"
    },
    "figyberry": {
        "id": "figyberry",
        "name": "Figy Berry",
        "slot": "berries"
    },
    "ganlonberry": {
        "id": "ganlonberry",
        "name": "Ganlon Berry",
        "slot": "berries"
    },
    "grepaberry": {
        "id": "grepaberry",
        "name": "Grepa Berry",
        "slot": "berries"
    },
    "habanberry": {
        "id": "habanberry",
        "name": "Haban Berry",
        "slot": "berries"
    },
    "hondewberry": {
        "id": "hondewberry",
        "name": "Hondew Berry",
        "slot": "berries"
    },
    "iapapaberry": {
        "id": "iapapaberry",
        "name": "Iapapa Berry",
        "slot": "berries"
    },
    "jabocaberry": {
        "id": "jabocaberry",
        "name": "Jaboca Berry",
        "slot": "berries"
    },
    "kasibberry": {
        "id": "kasibberry",
        "name": "Kasib berry",
        "slot": "berries"
    },
    "kebiaberry": {
        "id": "kebiaberry",
        "name": "Kebia Berry",
        "slot": "berries"
    },
    "keeberry": {
        "id": "keeberry",
        "name": "Kee Berry",
        "slot": "berries"
    },   
     "kelpsyberry": {
        "id": "kelpsyberry",
        "name": "Kelpsy Berry",
        "slot": "berries"
    },
    "lansatberry": {
        "id": "lansatberry",
        "name": "Lansat Berry",
        "slot": "berries"
    },
    "liechiberry": {
        "id": "liechiberry",
        "name": "Liechi Berry",
        "slot": "berries"
    },
    "magoberry": {
        "id": "magoberry",
        "name": "Mago Berry",
        "slot": "berries"
    },
    "magostberry": {
        "id": "magostberry",
        "name": "Magost Berry",
        "slot": "berries"
    },
    "marangaberry": {
        "id": "marangaberry",
        "name": "Maranga Berry",
        "slot": "berries"
    },
    "micleberry": {
        "id": "micleberry",
        "name": "Micle Berry",
        "slot": "berries"
    },
    "nanabberry": {
        "id": "nanabberry",
        "name": "Nanab Berry",
        "slot": "berries"
    },
    "nomelberry": {
        "id": "nomelberry",
        "name": "Nomel Berry",
        "slot": "berries"
    },
    "occaberry": {
        "id": "occaberry",
        "name": "Occa Berry",
        "slot": "berries"
    },
    "pamtreberry": {
        "id": "pamtreberry",
        "name": "Pamtre Berry",
        "slot": "berries"
    },
    "passhoberry": {
        "id": "passhoberry",
        "name": "Passho Berry",
        "slot": "berries"
    },
    "payapaberry": {
        "id": "payapaberry",
        "name": "Payapa Berry",
        "slot": "berries"
    },
    "petayaberry": {
        "id": "petayaberry",
        "name": "Petaya Berry",
        "slot": "berries"
    },
    "pinapberry": {
        "id": "pinapberry",
        "name": "Pinap Berry",
        "slot": "berries"
    }, 
    "pomegberry": {
        "id": "pomegberry",
        "name": "Pomeg Berry",
        "slot": "berries"
    }, 
    "qualotberry": {
        "id": "qualotberry",
        "name": "Qualot Berry",
        "slot": "berries"
    }, 
    "rabutaberry": {
        "id": "rabutaberry",
        "name": "Rabuta Berry",
        "slot": "berries"
    }, 
    "razzberry": {
        "id": "razzberry",
        "name": "Razz Berry",
        "slot": "berries"
    }, 
    "rindoberry": {
        "id": "rindoberry",
        "name": "Rindo Berry",
        "slot": "berries"
    },
    "roseliberry": {
        "id": "roseliberry",
        "name": "Roseli Berry",
        "slot": "berries"
    }, 
    "rowapberry": {
        "id": "rowapberry",
        "name": "Rowap Berry",
        "slot": "berries"
    }, 
    "salacberry": {
        "id": "salacberry",
        "name": "Salac Berry",
        "slot": "berries"
    },
    "shucaberry": {
        "id": "shucaberry",
        "name": "Shuca Berry",
        "slot": "berries"
    },
    "spelonberry": {
        "id": "spelonberry",
        "name": "Spelon Berry",
        "slot": "berries"
    }, 
    "starfberry": {
        "id": "starfberry",
        "name": "Starf Berry",
        "slot": "berries"
    }, 
    "tamatoberry": {
        "id": "tamatoberry",
        "name": "Tamato Berry",
        "slot": "berries"
    }, 
    "tangaberry": {
        "id": "tangaberry",
        "name": "Tanga Berry",
        "slot": "berries"
    },
    "wacanberry": {
        "id": "wacanberry",
        "name": "Wacan Berry",
        "slot": "berries"
    }, 
    "watamelberry": {
        "id": "watamelberry",
        "name": "Watamel Berry",
        "slot": "berries"
    }, 
    "wepearberry": {
        "id": "wepearberry",
        "name": "Wepear Berry",
        "slot": "berries"
    }, 
    "wikiberry": {
        "id": "wikiberry",
        "name": "Wiki Berry",
        "slot": "berries"
    }, 
    "yacheberry": {
        "id": "yacheberry",
        "name": "Yache Berry",
        "slot": "berries"
    },
    "pokeball": {
        "id": "pokeball",
        "name": "Pokeball",
        "slot": "pokeballs",
        "use": {
            "battleOnly": true,
            "isBall": true
        }
    },
    "greatball": {
        "id": "greatball",
        "name": "Greatball",
        "slot": "pokeballs",
        "use": {
            "battleOnly": true,
            "isBall": true
        }
    },
    "ultraball": {
        "id": "ultraball",
        "name": "Ultraball",
        "slot": "pokeballs",
        "use": {
            "battleOnly": true,
            "isBall": true
        }
    },
    "masterball": {
        "id": "masterball",
        "name": "Masterball",
        "slot": "pokeballs",
        "use": {
            "battleOnly": true,
            "isBall": true
        }
    },
    "rarecandy": {
        "id": "rarecandy",
        "name": "Rare Candy",
        "slot": "medicine",
        "use": {
            "noBattle": true,
            "level": 1
        }
    },
    "firestone": {
        "id": "firestone",
        "name": "Fire Stone",
        "slot": "items",
        "use": {
            "noBattle": true,
            "triggerEvo": true
        }
    },
    "thunderstone": {
        "id": "thunderstone",
        "name": "Thunder Stone",
        "slot": "items",
        "use": {
            "noBattle": true,
            "triggerEvo": true
        }
    },
    "waterstone": {
        "id": "waterstone",
        "name": "Water Stone",
        "slot": "items",
        "use": {
            "noBattle": true,
            "triggerEvo": true
        }
    },
    "leafstone": {
        "id": "leafstone",
        "name": "Leaf Stone",
        "slot": "items",
        "use": {
            "noBattle": true,
            "triggerEvo": true
        }
    },
    "moonstone": {
        "id": "moonstone",
        "name": "Moon Stone",
        "slot": "items",
        "use": {
            "noBattle": true,
            "triggerEvo": true
        }
    },
    "sunstone": {
        "id": "sunstone",
        "name": "Sun Stone",
        "slot": "items",
        "use": {
            "noBattle": true,
            "triggerEvo": true
        }
    },
    "duskstone": {
        "id": "duskstone",
        "name": "Dusk Stone",
        "slot": "items",
        "use": {
            "noBattle": true,
            "triggerEvo": true
        }
    },
    "dawnstone": {
        "id": "dawnstone",
        "name": "Dawn Stone",
        "slot": "items",
        "use": {
            "noBattle": true,
            "triggerEvo": true
        }
    },
    "shinystone": {
        "id": "shinystone",
        "name": "Shiny Stone",
        "slot": "items",
        "use": {
            "noBattle": true,
            "triggerEvo": true
        }
    },
    "icestone": {
        "id": "icestone",
        "name": "Ice Stone",
        "slot": "items",
        "use": {
            "noBattle": true,
            "triggerEvo": true
        }
    },
     "linkcable": {
        "id": "linkcable",
        "name": "Link Cable",
        "slot": "items",
        "use": {
            "noBattle": true,
            "triggerEvo": true
        }
    },
    "kingsrock": {
        "id": "kingsrock",
        "name": "King's Rock",
        "slot": "items",
        "use": {
            "noBattle": true,
            "triggerEvo": true
        }
    },
    "metalcoat": {
        "id": "metalcoat",
        "name": "Metal Coat",
        "slot": "items",
        "use": {
            "noBattle": true,
            "triggerEvo": true
        }
    },
     "upgrade": {
        "id": "upgrade",
        "name": "Up-Grade",
        "slot": "items",
        "use": {
            "noBattle": true,
            "triggerEvo": true
        }
    },
    "dragonscale": {
        "id": "dragonscale",
        "name": "Dragon Scale",
        "slot": "items",
        "use": {
            "noBattle": true,
            "triggerEvo": true
        }
    },
     "deepseatooth": {
        "id": "deepseatooth",
        "name": "Deep Sea Tooth",
        "slot": "items",
        "use": {
            "noBattle": true,
            "triggerEvo": true
        }
    },
     "deepseascale": {
        "id": "deepseascale",
        "name": "Deep Sea Scale",
        "slot": "items",
        "use": {
            "noBattle": true,
            "triggerEvo": true
        }
    },
     "razorclaw": {
        "id": "razorclaw",
        "name": "Razor Claw",
        "slot": "items",
        "use": {
            "noBattle": true,
            "triggerEvo": true
        }
    },
     "razorfang": {
        "id": "razorfang",
        "name": "Razor Fang",
        "slot": "items",
        "use": {
            "noBattle": true,
            "triggerEvo": true
        }
    },
     "protector": {
        "id": "protector",
        "name": "Protector",
        "slot": "items",
        "use": {
            "noBattle": true,
            "triggerEvo": true
        }
    },
     "electrizer": {
        "id": "electrizer",
        "name": "Electrizer",
        "slot": "items",
        "use": {
            "noBattle": true,
            "triggerEvo": true
        }
    },
     "magmarizer": {
        "id": "magmarizer",
        "name": "Magmarizer",
        "slot": "items",
        "use": {
            "noBattle": true,
            "triggerEvo": true
        }
    },
     "reapercloth": {
        "id": "reapercloth",
        "name": "Reaper Cloth",
        "slot": "items",
        "use": {
            "noBattle": true,
            "triggerEvo": true
        }
    },
     "ovalstone": {
        "id": "ovalstone",
        "name": "Oval Stone",
        "slot": "items",
        "use": {
            "noBattle": true,
            "triggerEvo": true
        }
    },
     "dubiousdisc": {
        "id": "dubiousdisc",
        "name": "Dubious Disk",
        "slot": "items",
        "use": {
            "noBattle": true,
            "triggerEvo": true
        }
    },
     "prismscale": {
        "id": "prismscale",
        "name": "Prism Scale",
        "slot": "items",
        "use": {
            "noBattle": true,
            "triggerEvo": true
        }
    },
     "sachet": {
        "id": "sachet",
        "name": "Sachet",
        "slot": "items",
        "use": {
            "noBattle": true,
            "triggerEvo": true
        }
    },
     "whippedream": {
        "id": "whippeddream",
        "name": "Whipped Dream",
        "slot": "items",
        "use": {
            "noBattle": true,
            "triggerEvo": true
        }
    },
     "alphaticket": {
        "id": "alphaticket",
        "name": "Alpha Ticket",
        "slot": "keyitems"
    }
}
